--
-- PostgreSQL database dump
--

-- Dumped from database version 14.17 (Debian 14.17-1.pgdg120+1)
-- Dumped by pg_dump version 14.17 (Debian 14.17-1.pgdg120+1)

SET statement_timeout = 0;
SET lock_timeout = 0;
SET idle_in_transaction_session_timeout = 0;
SET client_encoding = 'UTF8';
SET standard_conforming_strings = on;
SELECT pg_catalog.set_config('search_path', '', false);
SET check_function_bodies = false;
SET xmloption = content;
SET client_min_messages = warning;
SET row_security = off;

SET default_tablespace = '';

SET default_table_access_method = heap;

--
-- Name: accounts_user; Type: TABLE; Schema: public; Owner: postgres
--

CREATE TABLE public.accounts_user (
    password character varying(128) NOT NULL,
    last_login timestamp with time zone,
    is_superuser boolean NOT NULL,
    id uuid NOT NULL,
    name character varying(255) NOT NULL,
    email character varying(254) NOT NULL,
    phone_number character varying(15) NOT NULL,
    personal_id character varying(50) NOT NULL,
    birth_date date NOT NULL,
    gender character varying(10) NOT NULL,
    address text NOT NULL,
    role character varying(20) NOT NULL,
    is_active boolean NOT NULL,
    is_staff boolean NOT NULL,
    avatar character varying(100)
);


ALTER TABLE public.accounts_user OWNER TO postgres;

--
-- Name: accounts_user_groups; Type: TABLE; Schema: public; Owner: postgres
--

CREATE TABLE public.accounts_user_groups (
    id bigint NOT NULL,
    user_id uuid NOT NULL,
    group_id integer NOT NULL
);


ALTER TABLE public.accounts_user_groups OWNER TO postgres;

--
-- Name: accounts_user_groups_id_seq; Type: SEQUENCE; Schema: public; Owner: postgres
--

ALTER TABLE public.accounts_user_groups ALTER COLUMN id ADD GENERATED BY DEFAULT AS IDENTITY (
    SEQUENCE NAME public.accounts_user_groups_id_seq
    START WITH 1
    INCREMENT BY 1
    NO MINVALUE
    NO MAXVALUE
    CACHE 1
);


--
-- Name: accounts_user_user_permissions; Type: TABLE; Schema: public; Owner: postgres
--

CREATE TABLE public.accounts_user_user_permissions (
    id bigint NOT NULL,
    user_id uuid NOT NULL,
    permission_id integer NOT NULL
);


ALTER TABLE public.accounts_user_user_permissions OWNER TO postgres;

--
-- Name: accounts_user_user_permissions_id_seq; Type: SEQUENCE; Schema: public; Owner: postgres
--

ALTER TABLE public.accounts_user_user_permissions ALTER COLUMN id ADD GENERATED BY DEFAULT AS IDENTITY (
    SEQUENCE NAME public.accounts_user_user_permissions_id_seq
    START WITH 1
    INCREMENT BY 1
    NO MINVALUE
    NO MAXVALUE
    CACHE 1
);


--
-- Name: appointments_appointment; Type: TABLE; Schema: public; Owner: postgres
--

CREATE TABLE public.appointments_appointment (
    id uuid NOT NULL,
    referral_id uuid,
    patient_id uuid NOT NULL,
    appointment_slot_id uuid NOT NULL
);


ALTER TABLE public.appointments_appointment OWNER TO postgres;

--
-- Name: appointments_appointmentslot; Type: TABLE; Schema: public; Owner: postgres
--

CREATE TABLE public.appointments_appointmentslot (
    id uuid NOT NULL,
    location character varying(255) NOT NULL,
    description text NOT NULL,
    date timestamp with time zone NOT NULL,
    duration integer NOT NULL,
    status character varying NOT NULL,
    doctor_id uuid NOT NULL,
    referal_type character varying
);


ALTER TABLE public.appointments_appointmentslot OWNER TO postgres;

--
-- Name: articles_article; Type: TABLE; Schema: public; Owner: postgres
--

CREATE TABLE public.articles_article (
    id uuid NOT NULL,
    title character varying(255) NOT NULL,
    content text NOT NULL,
    created_at timestamp with time zone NOT NULL,
    updated_at timestamp with time zone NOT NULL,
    is_published boolean NOT NULL,
    author_id uuid NOT NULL
);


ALTER TABLE public.articles_article OWNER TO postgres;

--
-- Name: auth_group; Type: TABLE; Schema: public; Owner: postgres
--

CREATE TABLE public.auth_group (
    id integer NOT NULL,
    name character varying(150) NOT NULL
);


ALTER TABLE public.auth_group OWNER TO postgres;

--
-- Name: auth_group_id_seq; Type: SEQUENCE; Schema: public; Owner: postgres
--

ALTER TABLE public.auth_group ALTER COLUMN id ADD GENERATED BY DEFAULT AS IDENTITY (
    SEQUENCE NAME public.auth_group_id_seq
    START WITH 1
    INCREMENT BY 1
    NO MINVALUE
    NO MAXVALUE
    CACHE 1
);


--
-- Name: auth_group_permissions; Type: TABLE; Schema: public; Owner: postgres
--

CREATE TABLE public.auth_group_permissions (
    id bigint NOT NULL,
    group_id integer NOT NULL,
    permission_id integer NOT NULL
);


ALTER TABLE public.auth_group_permissions OWNER TO postgres;

--
-- Name: auth_group_permissions_id_seq; Type: SEQUENCE; Schema: public; Owner: postgres
--

ALTER TABLE public.auth_group_permissions ALTER COLUMN id ADD GENERATED BY DEFAULT AS IDENTITY (
    SEQUENCE NAME public.auth_group_permissions_id_seq
    START WITH 1
    INCREMENT BY 1
    NO MINVALUE
    NO MAXVALUE
    CACHE 1
);


--
-- Name: auth_permission; Type: TABLE; Schema: public; Owner: postgres
--

CREATE TABLE public.auth_permission (
    id integer NOT NULL,
    name character varying(255) NOT NULL,
    content_type_id integer NOT NULL,
    codename character varying(100) NOT NULL
);


ALTER TABLE public.auth_permission OWNER TO postgres;

--
-- Name: auth_permission_id_seq; Type: SEQUENCE; Schema: public; Owner: postgres
--

ALTER TABLE public.auth_permission ALTER COLUMN id ADD GENERATED BY DEFAULT AS IDENTITY (
    SEQUENCE NAME public.auth_permission_id_seq
    START WITH 1
    INCREMENT BY 1
    NO MINVALUE
    NO MAXVALUE
    CACHE 1
);


--
-- Name: chat_chatroom; Type: TABLE; Schema: public; Owner: postgres
--

CREATE TABLE public.chat_chatroom (
    id bigint NOT NULL,
    name character varying(255) NOT NULL
);


ALTER TABLE public.chat_chatroom OWNER TO postgres;

--
-- Name: chat_chatroom_id_seq; Type: SEQUENCE; Schema: public; Owner: postgres
--

ALTER TABLE public.chat_chatroom ALTER COLUMN id ADD GENERATED BY DEFAULT AS IDENTITY (
    SEQUENCE NAME public.chat_chatroom_id_seq
    START WITH 1
    INCREMENT BY 1
    NO MINVALUE
    NO MAXVALUE
    CACHE 1
);


--
-- Name: chat_chatroom_participants; Type: TABLE; Schema: public; Owner: postgres
--

CREATE TABLE public.chat_chatroom_participants (
    id bigint NOT NULL,
    chatroom_id bigint NOT NULL,
    user_id uuid NOT NULL
);


ALTER TABLE public.chat_chatroom_participants OWNER TO postgres;

--
-- Name: chat_chatroom_participants_id_seq; Type: SEQUENCE; Schema: public; Owner: postgres
--

ALTER TABLE public.chat_chatroom_participants ALTER COLUMN id ADD GENERATED BY DEFAULT AS IDENTITY (
    SEQUENCE NAME public.chat_chatroom_participants_id_seq
    START WITH 1
    INCREMENT BY 1
    NO MINVALUE
    NO MAXVALUE
    CACHE 1
);


--
-- Name: chat_message; Type: TABLE; Schema: public; Owner: postgres
--

CREATE TABLE public.chat_message (
    id bigint NOT NULL,
    content text NOT NULL,
    "timestamp" timestamp with time zone NOT NULL,
    chatroom_id bigint NOT NULL,
    sender_id uuid NOT NULL
);


ALTER TABLE public.chat_message OWNER TO postgres;

--
-- Name: chat_message_id_seq; Type: SEQUENCE; Schema: public; Owner: postgres
--

ALTER TABLE public.chat_message ALTER COLUMN id ADD GENERATED BY DEFAULT AS IDENTITY (
    SEQUENCE NAME public.chat_message_id_seq
    START WITH 1
    INCREMENT BY 1
    NO MINVALUE
    NO MAXVALUE
    CACHE 1
);


--
-- Name: django_admin_log; Type: TABLE; Schema: public; Owner: postgres
--

CREATE TABLE public.django_admin_log (
    id integer NOT NULL,
    action_time timestamp with time zone NOT NULL,
    object_id text,
    object_repr character varying(200) NOT NULL,
    action_flag smallint NOT NULL,
    change_message text NOT NULL,
    content_type_id integer,
    user_id uuid NOT NULL,
    CONSTRAINT django_admin_log_action_flag_check CHECK ((action_flag >= 0))
);


ALTER TABLE public.django_admin_log OWNER TO postgres;

--
-- Name: django_admin_log_id_seq; Type: SEQUENCE; Schema: public; Owner: postgres
--

ALTER TABLE public.django_admin_log ALTER COLUMN id ADD GENERATED BY DEFAULT AS IDENTITY (
    SEQUENCE NAME public.django_admin_log_id_seq
    START WITH 1
    INCREMENT BY 1
    NO MINVALUE
    NO MAXVALUE
    CACHE 1
);


--
-- Name: django_content_type; Type: TABLE; Schema: public; Owner: postgres
--

CREATE TABLE public.django_content_type (
    id integer NOT NULL,
    app_label character varying(100) NOT NULL,
    model character varying(100) NOT NULL
);


ALTER TABLE public.django_content_type OWNER TO postgres;

--
-- Name: django_content_type_id_seq; Type: SEQUENCE; Schema: public; Owner: postgres
--

ALTER TABLE public.django_content_type ALTER COLUMN id ADD GENERATED BY DEFAULT AS IDENTITY (
    SEQUENCE NAME public.django_content_type_id_seq
    START WITH 1
    INCREMENT BY 1
    NO MINVALUE
    NO MAXVALUE
    CACHE 1
);


--
-- Name: django_migrations; Type: TABLE; Schema: public; Owner: postgres
--

CREATE TABLE public.django_migrations (
    id bigint NOT NULL,
    app character varying(255) NOT NULL,
    name character varying(255) NOT NULL,
    applied timestamp with time zone NOT NULL
);


ALTER TABLE public.django_migrations OWNER TO postgres;

--
-- Name: django_migrations_id_seq; Type: SEQUENCE; Schema: public; Owner: postgres
--

ALTER TABLE public.django_migrations ALTER COLUMN id ADD GENERATED BY DEFAULT AS IDENTITY (
    SEQUENCE NAME public.django_migrations_id_seq
    START WITH 1
    INCREMENT BY 1
    NO MINVALUE
    NO MAXVALUE
    CACHE 1
);


--
-- Name: django_session; Type: TABLE; Schema: public; Owner: postgres
--

CREATE TABLE public.django_session (
    session_key character varying(40) NOT NULL,
    session_data text NOT NULL,
    expire_date timestamp with time zone NOT NULL
);


ALTER TABLE public.django_session OWNER TO postgres;

--
-- Name: issues_issue; Type: TABLE; Schema: public; Owner: postgres
--

CREATE TABLE public.issues_issue (
    id uuid NOT NULL,
    message text NOT NULL,
    date timestamp with time zone NOT NULL,
    is_resolved boolean NOT NULL,
    user_id uuid NOT NULL
);


ALTER TABLE public.issues_issue OWNER TO postgres;

--
-- Name: medical_medicalrecord; Type: TABLE; Schema: public; Owner: postgres
--

CREATE TABLE public.medical_medicalrecord (
    id uuid NOT NULL,
    date timestamp with time zone NOT NULL,
    condition text NOT NULL,
    treatment text NOT NULL,
    notes text NOT NULL,
    file character varying(100) NOT NULL,
    doctor_id uuid NOT NULL,
    patient_id uuid NOT NULL
);


ALTER TABLE public.medical_medicalrecord OWNER TO postgres;

--
-- Name: notifications_notification; Type: TABLE; Schema: public; Owner: postgres
--

CREATE TABLE public.notifications_notification (
    id uuid NOT NULL,
    message text NOT NULL,
    date timestamp with time zone NOT NULL,
    receiver_id uuid NOT NULL
);


ALTER TABLE public.notifications_notification OWNER TO postgres;

--
-- Name: prescriptions_prescription; Type: TABLE; Schema: public; Owner: postgres
--

CREATE TABLE public.prescriptions_prescription (
    id uuid NOT NULL,
    notes text NOT NULL,
    issue_date date NOT NULL,
    expiration_date date NOT NULL,
    doctor_id uuid NOT NULL,
    patient_id uuid NOT NULL
);


ALTER TABLE public.prescriptions_prescription OWNER TO postgres;

--
-- Name: prescriptions_prescriptionmedication; Type: TABLE; Schema: public; Owner: postgres
--

CREATE TABLE public.prescriptions_prescriptionmedication (
    id uuid NOT NULL,
    medication_name character varying(255) NOT NULL,
    dosage character varying(255) NOT NULL,
    prescription_id uuid NOT NULL
);


ALTER TABLE public.prescriptions_prescriptionmedication OWNER TO postgres;

--
-- Name: referrals_referral; Type: TABLE; Schema: public; Owner: postgres
--

CREATE TABLE public.referrals_referral (
    id uuid NOT NULL,
    specialist_type character varying(50) NOT NULL,
    issue_date date NOT NULL,
    expiration_date date NOT NULL,
    patient_id uuid NOT NULL,
    is_used boolean NOT NULL
);


ALTER TABLE public.referrals_referral OWNER TO postgres;

--
-- Data for Name: accounts_user; Type: TABLE DATA; Schema: public; Owner: postgres
--

COPY public.accounts_user (password, last_login, is_superuser, id, name, email, phone_number, personal_id, birth_date, gender, address, role, is_active, is_staff, avatar) FROM stdin;
pbkdf2_sha256$1000000$riG0NSHzZ9oiL0jbAZle77$PkPDTs3X1Jh8s4wHfSMfgXwU6H2XhTi0TllS17NB2eU=	2025-04-23 13:34:07.140007+00	f	2f376751-0c63-49b8-bb2d-45073e97b65e	Ksenia Bez	ksenia@example.com	570121917	01210156691	2005-05-23	FEMALE	Ogrodowa 3	PATIENT	t	f	avatars/picutre_1LrvWxc.jpg
pbkdf2_sha256$1000000$J0fwvN3HpmY7z57Lx7NA3t$3FH3Zqd75WugrZSf8IxBy3Y14eXrR/0TlUaF48YZKwg=	2025-04-23 13:35:20.496455+00	f	cca24938-ce79-4ca7-8912-20712b8caf80	Albert Doctor	doctor@example.com	1111111111	01210156692	1989-05-22	MALE	Street 1	DOCTOR	t	f	avatars/doctor_X9NsGui.jpg
pbkdf2_sha256$1000000$e2IReJGXPmPNVeuCoYWXEE$53EXs0yGAtFJOKp9WTS48NPdQZ52qT3yckYzMuHwKLM=	\N	f	90fcde1b-290f-4cbd-bf4b-9679a79b1351	Jenna Doctor	doctor2@example.com	111111111	111111111	1990-01-01	FEMALE	Street 1	DOCTOR	t	f	avatars/doctor2_5Rp26Ay.jpg
pbkdf2_sha256$1000000$OEUmlQMHVBKUDge9PNMEY5$kC9zJlYgciPRNklSq17MSXLCfICUZZA/nZLyioU2NSI=	2025-04-23 11:24:49.463187+00	t	ba84dd77-94dc-498a-bb68-6f3fabc674a8	Albert Admin	admin@example.com	123456789	123456789	2000-01-01	FEMALE	Address 1	ADMIN	t	t	avatars/default_avatar_RqkKGcr.jpg
\.


--
-- Data for Name: accounts_user_groups; Type: TABLE DATA; Schema: public; Owner: postgres
--

COPY public.accounts_user_groups (id, user_id, group_id) FROM stdin;
\.


--
-- Data for Name: accounts_user_user_permissions; Type: TABLE DATA; Schema: public; Owner: postgres
--

COPY public.accounts_user_user_permissions (id, user_id, permission_id) FROM stdin;
\.


--
-- Data for Name: appointments_appointment; Type: TABLE DATA; Schema: public; Owner: postgres
--

COPY public.appointments_appointment (id, referral_id, patient_id, appointment_slot_id) FROM stdin;
20e73aec-a7a8-4542-ae7a-f654fc254bc1	\N	2f376751-0c63-49b8-bb2d-45073e97b65e	ddbf9456-e2ec-4f4a-8c04-6c4463910b04
58ef46e9-1e7a-4392-82a6-0451d7de1d1e	\N	2f376751-0c63-49b8-bb2d-45073e97b65e	82dc76a1-0cb9-4df3-9e77-57ccf02ef48f
\.


--
-- Data for Name: appointments_appointmentslot; Type: TABLE DATA; Schema: public; Owner: postgres
--

COPY public.appointments_appointmentslot (id, location, description, date, duration, status, doctor_id, referal_type) FROM stdin;
ddbf9456-e2ec-4f4a-8c04-6c4463910b04	Anderson 103-5	Appointment	2025-04-22 11:30:00+00	60	Booked	90fcde1b-290f-4cbd-bf4b-9679a79b1351	\N
82dc76a1-0cb9-4df3-9e77-57ccf02ef48f	Google Meet	Description	2025-04-29 10:00:00+00	60	Booked	cca24938-ce79-4ca7-8912-20712b8caf80	\N
\.


--
-- Data for Name: articles_article; Type: TABLE DATA; Schema: public; Owner: postgres
--

COPY public.articles_article (id, title, content, created_at, updated_at, is_published, author_id) FROM stdin;
\.


--
-- Data for Name: auth_group; Type: TABLE DATA; Schema: public; Owner: postgres
--

COPY public.auth_group (id, name) FROM stdin;
\.


--
-- Data for Name: auth_group_permissions; Type: TABLE DATA; Schema: public; Owner: postgres
--

COPY public.auth_group_permissions (id, group_id, permission_id) FROM stdin;
\.


--
-- Data for Name: auth_permission; Type: TABLE DATA; Schema: public; Owner: postgres
--

COPY public.auth_permission (id, name, content_type_id, codename) FROM stdin;
1	Can add log entry	1	add_logentry
2	Can change log entry	1	change_logentry
3	Can delete log entry	1	delete_logentry
4	Can view log entry	1	view_logentry
5	Can add permission	2	add_permission
6	Can change permission	2	change_permission
7	Can delete permission	2	delete_permission
8	Can view permission	2	view_permission
9	Can add group	3	add_group
10	Can change group	3	change_group
11	Can delete group	3	delete_group
12	Can view group	3	view_group
13	Can add content type	4	add_contenttype
14	Can change content type	4	change_contenttype
15	Can delete content type	4	delete_contenttype
16	Can view content type	4	view_contenttype
17	Can add session	5	add_session
18	Can change session	5	change_session
19	Can delete session	5	delete_session
20	Can view session	5	view_session
21	Can add user	6	add_user
22	Can change user	6	change_user
23	Can delete user	6	delete_user
24	Can view user	6	view_user
25	Can add appointment	7	add_appointment
26	Can change appointment	7	change_appointment
27	Can delete appointment	7	delete_appointment
28	Can view appointment	7	view_appointment
29	Can add appointment slot	8	add_appointmentslot
30	Can change appointment slot	8	change_appointmentslot
31	Can delete appointment slot	8	delete_appointmentslot
32	Can view appointment slot	8	view_appointmentslot
33	Can add prescription	9	add_prescription
34	Can change prescription	9	change_prescription
35	Can delete prescription	9	delete_prescription
36	Can view prescription	9	view_prescription
37	Can add referral	10	add_referral
38	Can change referral	10	change_referral
39	Can delete referral	10	delete_referral
40	Can view referral	10	view_referral
41	Can add article	11	add_article
42	Can change article	11	change_article
43	Can delete article	11	delete_article
44	Can view article	11	view_article
45	Can add notification	12	add_notification
46	Can change notification	12	change_notification
47	Can delete notification	12	delete_notification
48	Can view notification	12	view_notification
49	Can add issue	13	add_issue
50	Can change issue	13	change_issue
51	Can delete issue	13	delete_issue
52	Can view issue	13	view_issue
53	Can add medical record	14	add_medicalrecord
54	Can change medical record	14	change_medicalrecord
55	Can delete medical record	14	delete_medicalrecord
56	Can view medical record	14	view_medicalrecord
57	Can add chat room	15	add_chatroom
58	Can change chat room	15	change_chatroom
59	Can delete chat room	15	delete_chatroom
60	Can view chat room	15	view_chatroom
61	Can add message	16	add_message
62	Can change message	16	change_message
63	Can delete message	16	delete_message
64	Can view message	16	view_message
65	Can add prescription medication	17	add_prescriptionmedication
66	Can change prescription medication	17	change_prescriptionmedication
67	Can delete prescription medication	17	delete_prescriptionmedication
68	Can view prescription medication	17	view_prescriptionmedication
\.


--
-- Data for Name: chat_chatroom; Type: TABLE DATA; Schema: public; Owner: postgres
--

COPY public.chat_chatroom (id, name) FROM stdin;
1	Admin
\.


--
-- Data for Name: chat_chatroom_participants; Type: TABLE DATA; Schema: public; Owner: postgres
--

COPY public.chat_chatroom_participants (id, chatroom_id, user_id) FROM stdin;
1	1	ba84dd77-94dc-498a-bb68-6f3fabc674a8
2	1	2f376751-0c63-49b8-bb2d-45073e97b65e
\.


--
-- Data for Name: chat_message; Type: TABLE DATA; Schema: public; Owner: postgres
--

COPY public.chat_message (id, content, "timestamp", chatroom_id, sender_id) FROM stdin;
\.


--
-- Data for Name: django_admin_log; Type: TABLE DATA; Schema: public; Owner: postgres
--

COPY public.django_admin_log (id, action_time, object_id, object_repr, action_flag, change_message, content_type_id, user_id) FROM stdin;
1	2025-04-16 14:00:31.328979+00	ba84dd77-94dc-498a-bb68-6f3fabc674a8	Admin	2	[{"changed": {"fields": ["Role"]}}]	6	ba84dd77-94dc-498a-bb68-6f3fabc674a8
2	2025-04-17 16:23:41.314132+00	cca24938-ce79-4ca7-8912-20712b8caf80	Albert Doctor	1	[{"added": {}}]	6	ba84dd77-94dc-498a-bb68-6f3fabc674a8
3	2025-04-17 16:24:59.852189+00	cca24938-ce79-4ca7-8912-20712b8caf80	Albert Doctor	2	[{"changed": {"fields": ["Role"]}}]	6	ba84dd77-94dc-498a-bb68-6f3fabc674a8
4	2025-04-17 16:40:10.392146+00	90fcde1b-290f-4cbd-bf4b-9679a79b1351	Jenna Doctor	1	[{"added": {}}]	6	ba84dd77-94dc-498a-bb68-6f3fabc674a8
5	2025-04-17 16:41:15.308819+00	90fcde1b-290f-4cbd-bf4b-9679a79b1351	Jenna Doctor	2	[{"changed": {"fields": ["Role"]}}]	6	ba84dd77-94dc-498a-bb68-6f3fabc674a8
6	2025-04-21 17:06:53.334892+00	ba84dd77-94dc-498a-bb68-6f3fabc674a8	Admin	2	[{"changed": {"fields": ["Avatar"]}}]	6	ba84dd77-94dc-498a-bb68-6f3fabc674a8
7	2025-04-21 17:07:15.683087+00	ba84dd77-94dc-498a-bb68-6f3fabc674a8	Admin	2	[{"changed": {"fields": ["Avatar"]}}]	6	ba84dd77-94dc-498a-bb68-6f3fabc674a8
8	2025-04-21 17:07:21.800105+00	90fcde1b-290f-4cbd-bf4b-9679a79b1351	Jenna Doctor	2	[{"changed": {"fields": ["Avatar"]}}]	6	ba84dd77-94dc-498a-bb68-6f3fabc674a8
9	2025-04-21 17:07:26.490183+00	cca24938-ce79-4ca7-8912-20712b8caf80	Albert Doctor	2	[{"changed": {"fields": ["Avatar"]}}]	6	ba84dd77-94dc-498a-bb68-6f3fabc674a8
10	2025-04-21 17:07:31.277618+00	2f376751-0c63-49b8-bb2d-45073e97b65e	Ksenia Bez	2	[{"changed": {"fields": ["Avatar"]}}]	6	ba84dd77-94dc-498a-bb68-6f3fabc674a8
11	2025-04-21 17:13:33.451956+00	ba84dd77-94dc-498a-bb68-6f3fabc674a8	Admin	2	[]	6	ba84dd77-94dc-498a-bb68-6f3fabc674a8
12	2025-04-21 17:34:35.19855+00	ba84dd77-94dc-498a-bb68-6f3fabc674a8	Admin	2	[{"changed": {"fields": ["Avatar"]}}]	6	ba84dd77-94dc-498a-bb68-6f3fabc674a8
13	2025-04-21 17:53:40.554604+00	ba84dd77-94dc-498a-bb68-6f3fabc674a8	Albert Admin	2	[{"changed": {"fields": ["Avatar"]}}]	6	ba84dd77-94dc-498a-bb68-6f3fabc674a8
14	2025-04-21 18:12:07.77875+00	90fcde1b-290f-4cbd-bf4b-9679a79b1351	Jenna Doctor	2	[{"changed": {"fields": ["Avatar"]}}]	6	ba84dd77-94dc-498a-bb68-6f3fabc674a8
15	2025-04-21 18:12:16.323165+00	ba84dd77-94dc-498a-bb68-6f3fabc674a8	Albert Admin	2	[{"changed": {"fields": ["Avatar"]}}]	6	ba84dd77-94dc-498a-bb68-6f3fabc674a8
16	2025-04-21 18:12:22.009265+00	cca24938-ce79-4ca7-8912-20712b8caf80	Albert Doctor	2	[{"changed": {"fields": ["Avatar"]}}]	6	ba84dd77-94dc-498a-bb68-6f3fabc674a8
17	2025-04-21 18:12:27.160353+00	2f376751-0c63-49b8-bb2d-45073e97b65e	Ksenia Bez	2	[{"changed": {"fields": ["Avatar"]}}]	6	ba84dd77-94dc-498a-bb68-6f3fabc674a8
18	2025-04-22 11:36:58.928384+00	ddbf9456-e2ec-4f4a-8c04-6c4463910b04	AppointmentSlot object (ddbf9456-e2ec-4f4a-8c04-6c4463910b04)	1	[{"added": {}}]	8	ba84dd77-94dc-498a-bb68-6f3fabc674a8
19	2025-04-22 11:39:22.475471+00	ddbf9456-e2ec-4f4a-8c04-6c4463910b04	AppointmentSlot object (ddbf9456-e2ec-4f4a-8c04-6c4463910b04)	2	[{"changed": {"fields": ["Referal type"]}}]	8	ba84dd77-94dc-498a-bb68-6f3fabc674a8
20	2025-04-22 11:39:29.617738+00	ddbf9456-e2ec-4f4a-8c04-6c4463910b04	AppointmentSlot object (ddbf9456-e2ec-4f4a-8c04-6c4463910b04)	2	[]	8	ba84dd77-94dc-498a-bb68-6f3fabc674a8
21	2025-04-22 11:39:37.014493+00	20e73aec-a7a8-4542-ae7a-f654fc254bc1	Appointment with Jenna Doctor on 2025-04-22 11:30:00+00:00	1	[{"added": {}}]	7	ba84dd77-94dc-498a-bb68-6f3fabc674a8
22	2025-04-22 11:41:43.065874+00	c7c95ec1-021e-461d-b003-65b378021c7e	Prescription for Ksenia Bez	1	[{"added": {}}, {"added": {"name": "prescription medication", "object": "MEDICATION - 100ml"}}]	9	ba84dd77-94dc-498a-bb68-6f3fabc674a8
23	2025-04-22 12:09:58.727836+00	ddbf9456-e2ec-4f4a-8c04-6c4463910b04	AppointmentSlot object (ddbf9456-e2ec-4f4a-8c04-6c4463910b04)	2	[{"changed": {"fields": ["Location"]}}]	8	ba84dd77-94dc-498a-bb68-6f3fabc674a8
24	2025-04-22 12:14:25.973441+00	82dc76a1-0cb9-4df3-9e77-57ccf02ef48f	AppointmentSlot object (82dc76a1-0cb9-4df3-9e77-57ccf02ef48f)	1	[{"added": {}}]	8	ba84dd77-94dc-498a-bb68-6f3fabc674a8
25	2025-04-22 12:14:36.050874+00	58ef46e9-1e7a-4392-82a6-0451d7de1d1e	Appointment with Albert Doctor on 2025-04-29 10:00:00+00:00	1	[{"added": {}}]	7	ba84dd77-94dc-498a-bb68-6f3fabc674a8
26	2025-04-22 12:25:13.194539+00	c7c95ec1-021e-461d-b003-65b378021c7e	Prescription for Ksenia Bez	2	[{"added": {"name": "prescription medication", "object": "MEDICATION2 - 50ml/day"}}, {"changed": {"name": "prescription medication", "object": "MEDICATION1 - 50ml - 2 times a day", "fields": ["Medication name", "Dosage"]}}]	9	ba84dd77-94dc-498a-bb68-6f3fabc674a8
27	2025-04-23 11:25:44.013545+00	d6fb103f-52fb-40c2-beed-026c56d9ffb0	Prescription for Ksenia Bez	1	[{"added": {}}, {"added": {"name": "prescription medication", "object": "Medication - 2g/day"}}]	9	ba84dd77-94dc-498a-bb68-6f3fabc674a8
\.


--
-- Data for Name: django_content_type; Type: TABLE DATA; Schema: public; Owner: postgres
--

COPY public.django_content_type (id, app_label, model) FROM stdin;
1	admin	logentry
2	auth	permission
3	auth	group
4	contenttypes	contenttype
5	sessions	session
6	accounts	user
7	appointments	appointment
8	appointments	appointmentslot
9	prescriptions	prescription
10	referrals	referral
11	articles	article
12	notifications	notification
13	issues	issue
14	medical	medicalrecord
15	chat	chatroom
16	chat	message
17	prescriptions	prescriptionmedication
\.


--
-- Data for Name: django_migrations; Type: TABLE DATA; Schema: public; Owner: postgres
--

COPY public.django_migrations (id, app, name, applied) FROM stdin;
1	contenttypes	0001_initial	2025-04-16 13:58:54.016683+00
2	contenttypes	0002_remove_content_type_name	2025-04-16 13:58:54.025352+00
3	auth	0001_initial	2025-04-16 13:58:54.087326+00
4	auth	0002_alter_permission_name_max_length	2025-04-16 13:58:54.095065+00
5	auth	0003_alter_user_email_max_length	2025-04-16 13:58:54.103203+00
6	auth	0004_alter_user_username_opts	2025-04-16 13:58:54.111853+00
7	auth	0005_alter_user_last_login_null	2025-04-16 13:58:54.11855+00
8	auth	0006_require_contenttypes_0002	2025-04-16 13:58:54.120856+00
9	auth	0007_alter_validators_add_error_messages	2025-04-16 13:58:54.128118+00
10	auth	0008_alter_user_username_max_length	2025-04-16 13:58:54.138094+00
11	auth	0009_alter_user_last_name_max_length	2025-04-16 13:58:54.144583+00
12	auth	0010_alter_group_name_max_length	2025-04-16 13:58:54.153757+00
13	auth	0011_update_proxy_permissions	2025-04-16 13:58:54.161207+00
14	auth	0012_alter_user_first_name_max_length	2025-04-16 13:58:54.167238+00
15	accounts	0001_initial	2025-04-16 13:58:54.23095+00
16	admin	0001_initial	2025-04-16 13:58:54.256426+00
17	admin	0002_logentry_remove_auto_add	2025-04-16 13:58:54.263627+00
18	admin	0003_logentry_add_action_flag_choices	2025-04-16 13:58:54.271479+00
19	referrals	0001_initial	2025-04-16 13:58:54.290266+00
20	appointments	0001_initial	2025-04-16 13:58:54.319343+00
21	appointments	0002_alter_appointment_status	2025-04-16 13:58:54.32727+00
22	appointments	0003_appointment_duration_minutes	2025-04-16 13:58:54.338273+00
23	appointments	0004_rename_duration_minutes_appointment_duration	2025-04-16 13:58:54.348286+00
24	appointments	0005_remove_appointment_date_and_more	2025-04-16 13:58:54.452524+00
25	appointments	0006_alter_appointment_appointment_slot	2025-04-16 13:58:54.470569+00
26	appointments	0007_alter_appointment_appointment_slot	2025-04-16 13:58:54.487063+00
27	articles	0001_initial	2025-04-16 13:58:54.512467+00
28	chat	0001_initial	2025-04-16 13:58:54.573056+00
29	issues	0001_initial	2025-04-16 13:58:54.597274+00
30	medical	0001_initial	2025-04-16 13:58:54.631923+00
31	notifications	0001_initial	2025-04-16 13:58:54.661839+00
32	prescriptions	0001_initial	2025-04-16 13:58:54.695583+00
33	sessions	0001_initial	2025-04-16 13:58:54.712485+00
34	referrals	0002_referral_is_used	2025-04-21 16:43:21.437475+00
35	appointments	0008_appointmentslot_referal_type_and_more	2025-04-21 16:43:21.505386+00
36	prescriptions	0002_remove_prescription_dosage_and_more	2025-04-21 16:43:21.572367+00
37	prescriptions	0003_alter_prescription_notes	2025-04-21 16:43:21.586166+00
38	accounts	0002_user_avatar	2025-04-21 16:59:28.038387+00
39	accounts	0003_alter_user_avatar	2025-04-22 11:39:14.218751+00
40	appointments	0009_alter_appointment_referral_and_more	2025-04-22 11:39:14.257787+00
\.


--
-- Data for Name: django_session; Type: TABLE DATA; Schema: public; Owner: postgres
--

COPY public.django_session (session_key, session_data, expire_date) FROM stdin;
t91viuay031apuso6at3rktehmwtk856	.eJxVzUEOgjAQheG7dG1JbekMdafGG7gnnc5MIIgLkJXx7kLCQrcv_5f3Nm1eXl27zDK1PZuT8RoQMB6tKxBsnaixRJ5tHR0GSUgQxRx-GeUyyHOz9zzINU9S7dNc3cbcP85retmjP9nluVsZBnDoSbXAdhVLEz0gu0CkSTQVhqREyQEnFqXaYWkYOBIAIoj5fAGlez68:1u7Bkm:hcM3JwoC-K0SgM-5NsDi0j6GRDerRkKOnV58ZMCJsaY	2025-05-06 11:25:28.012643+00
gkyxhep36k6ue1x4l05h2rn9hehnigfd	.eJxVy7EOwiAQgOF3YZYGKHCHmxrfwL057iBtah1aOxnf3Zp00PXP_71UR-uz79alzN0g6qgyoRcB0MkLa5-QdM4RdaxtpcwRPKE6_LJMPJbH195oLBeaS7OnpblONNxP23repz_Z09JvjNHYkKAKQnDUOrEEkLh1tSYmdCkSBkG20acSMBrDxRRLFYyIFVDvDzgYPrQ:1u53X0:XjVWsXhbGJcsKGI5WbhaeSYejGMp0Dprq7fwMpZSilc	2025-04-30 14:14:26.445964+00
eadimc33idtg663bii4cky5qv0ubu0m4	.eJxVy7EOwiAQgOF3YZYGKHCHmxrfwL057iBtah1aOxnf3Zp00PXP_71UR-uz79alzN0g6qgyoRcB0MkLa5-QdM4RdaxtpcwRPKE6_LJMPJbH195oLBeaS7OnpblONNxP23repz_Z09JvjNHYkKAKQnDUOrEEkLh1tSYmdCkSBkG20acSMBrDxRRLFYyIFVDvDzgYPrQ:1u5O1s:6o8K7-HJwaYTIE7fdSrtvret-HXfFbvx7r6rJJTGmjU	2025-05-01 12:07:40.259534+00
ghwua14fzdpq0jtswly5guw2getada5k	.eJxVy7EOwiAQgOF3YZYGKHCHmxrfwL057iBtah1aOxnf3Zp00PXP_71UR-uz79alzN0g6qgyoRcB0MkLa5-QdM4RdaxtpcwRPKE6_LJMPJbH195oLBeaS7OnpblONNxP23repz_Z09JvjNHYkKAKQnDUOrEEkLh1tSYmdCkSBkG20acSMBrDxRRLFYyIFVDvDzgYPrQ:1u5OO5:sAa-IfknVkjVYnXBxG3yBJSF4qHNfSPzdEEaGSWzk2U	2025-05-01 12:30:37.27885+00
i6ej7qwrmytb5qshfy9uvb59u6ixiuke	.eJxVzUEOgjAQheG7dG1JbekMdafGG7gnnc5MIIgLkJXx7kLCQrcv_5f3Nm1eXl27zDK1PZuT8RoQMB6tKxBsnaixRJ5tHR0GSUgQxRx-GeUyyHOz9zzINU9S7dNc3cbcP85retmjP9nluVsZBnDoSbXAdhVLEz0gu0CkSTQVhqREyQEnFqXaYWkYOBIAIoj5fAGlez68:1u7CUn:TBr0VXlSF6PmWYsa1A2o3RGVv5eMlEM9BnItXvEuKRI	2025-05-06 12:13:01.047237+00
lvrid9n33q1y7vteaidr5e2qj850cre3	.eJxVzUEOgjAQheG7dG1JbekMdafGG7gnnc5MIIgLkJXx7kLCQrcv_5f3Nm1eXl27zDK1PZuT8RoQMB6tKxBsnaixRJ5tHR0GSUgQxRx-GeUyyHOz9zzINU9S7dNc3cbcP85retmjP9nluVsZBnDoSbXAdhVLEz0gu0CkSTQVhqREyQEnFqXaYWkYOBIAIoj5fAGlez68:1u5P65:lRjOG67q0V73Y2mQh3PeZshy0cmFavpz7EUrVUBSE-Y	2025-05-01 13:16:05.220889+00
07mqaa4lesv26gzntxybmw8s3yb3m6ni	.eJxVy7EOwiAQgOF3YZYGKHCHmxrfwL057iBtah1aOxnf3Zp00PXP_71UR-uz79alzN0g6qgyoRcB0MkLa5-QdM4RdaxtpcwRPKE6_LJMPJbH195oLBeaS7OnpblONNxP23repz_Z09JvjNHYkKAKQnDUOrEEkLh1tSYmdCkSBkG20acSMBrDxRRLFYyIFVDvDzgYPrQ:1u5P7B:die6woc-UCNIGBiBOW5MNwA25qWLUBx4MPxOsWwxOhs	2025-05-01 13:17:13.401931+00
3gd2q9r8run1trmdttyp3b62l759o65v	.eJxVzUEOgjAQheG7dG1JbekMdafGG7gnnc5MIIgLkJXx7kLCQrcv_5f3Nm1eXl27zDK1PZuT8RoQMB6tKxBsnaixRJ5tHR0GSUgQxRx-GeUyyHOz9zzINU9S7dNc3cbcP85retmjP9nluVsZBnDoSbXAdhVLEz0gu0CkSTQVhqREyQEnFqXaYWkYOBIAIoj5fAGlez68:1u5P7t:GO7RHK1ic1IQSFC1N0-nGGjZ-PrUOXLUj1MPlVFTGI8	2025-05-01 13:17:57.097578+00
npt05a9mgsob0uo6yd22vx3dsswfoan7	.eJxVzUEOgjAQheG7dG1JbekMdafGG7gnnc5MIIgLkJXx7kLCQrcv_5f3Nm1eXl27zDK1PZuT8RoQMB6tKxBsnaixRJ5tHR0GSUgQxRx-GeUyyHOz9zzINU9S7dNc3cbcP85retmjP9nluVsZBnDoSbXAdhVLEz0gu0CkSTQVhqREyQEnFqXaYWkYOBIAIoj5fAGlez68:1u5PAV:woYtqF0a_9sFoFAWzhr_9lfOlOpLXKACtChGPH4QbeA	2025-05-01 13:20:39.568869+00
1cnt7zoqe28zdjucibd0wuhshnk56osm	.eJxVzDsOwjAQRdG9uMZRPOMvHSB2QB-Nx2MlCqFISIXYO0FKAe3TPe-lOlqffbcuMndDUUfFTGATRs0SkrZMQcdkQEMbDOTIVGOrDr8sE4_y-NobjXKhWZp9WprrRMP9tKXnPfqTPS39xsR7LBF8yugCsbCIEyPWMwIKYLTbH7oaXC4VnKlUSyiYUvC-ZfLq_QHaDj6g:1u7DPW:5KDhlNXSzcR1eICX3RVcsDw2DDniWxYlcawW9iXpZR0	2025-05-06 13:11:38.611447+00
96tavtl8l8xkm481r7807369o0b09ug5	.eJxVzUEOgjAQheG7dG1JbekMdafGG7gnnc5MIIgLkJXx7kLCQrcv_5f3Nm1eXl27zDK1PZuT8RoQMB6tKxBsnaixRJ5tHR0GSUgQxRx-GeUyyHOz9zzINU9S7dNc3cbcP85retmjP9nluVsZBnDoSbXAdhVLEz0gu0CkSTQVhqREyQEnFqXaYWkYOBIAIoj5fAGlez68:1u7DcC:ivr_rIxr7otiObJ38_tRbqwEI4BgnTDUBwVzyecUg1I	2025-05-06 13:24:44.918043+00
g9l5d9fbvgj94439iad940tjk5t65v4l	.eJxVy7EOwiAQgOF3YZYGKHCHmxrfwL057iBtah1aOxnf3Zp00PXP_71UR-uz79alzN0g6qgyoRcB0MkLa5-QdM4RdaxtpcwRPKE6_LJMPJbH195oLBeaS7OnpblONNxP23repz_Z09JvjNHYkKAKQnDUOrEEkLh1tSYmdCkSBkG20acSMBrDxRRLFYyIFVDvDzgYPrQ:1u6uV5:Ef6H0tvqvmYL8KAD9b-kF17TJYn2hVG1d2sbbUA85eI	2025-05-05 17:00:07.493783+00
0np8pcz4ktd8iur01sarwcunjfh9m32k	.eJxVzUEOgjAQheG7dG1JbekMdafGG7gnnc5MIIgLkJXx7kLCQrcv_5f3Nm1eXl27zDK1PZuT8RoQMB6tKxBsnaixRJ5tHR0GSUgQxRx-GeUyyHOz9zzINU9S7dNc3cbcP85retmjP9nluVsZBnDoSbXAdhVLEz0gu0CkSTQVhqREyQEnFqXaYWkYOBIAIoj5fAGlez68:1u7ZRi:qnvacQFKc2F_h9feDnBD8rCtZC5BYut7hUPs4vlgoV0	2025-05-07 12:43:22.846622+00
0mx407vadcpatoftzyilg60uycb8a0vg	.eJxVzUEOgjAQheG7dG1JbekMdafGG7gnnc5MIIgLkJXx7kLCQrcv_5f3Nm1eXl27zDK1PZuT8RoQMB6tKxBsnaixRJ5tHR0GSUgQxRx-GeUyyHOz9zzINU9S7dNc3cbcP85retmjP9nluVsZBnDoSbXAdhVLEz0gu0CkSTQVhqREyQEnFqXaYWkYOBIAIoj5fAGlez68:1u7ZbA:M36UU4Qui7YH-63Q2UPjccvhU-0UKJGNLSuQ_Px2PfA	2025-05-07 12:53:08.595738+00
\.


--
-- Data for Name: issues_issue; Type: TABLE DATA; Schema: public; Owner: postgres
--

COPY public.issues_issue (id, message, date, is_resolved, user_id) FROM stdin;
\.


--
-- Data for Name: medical_medicalrecord; Type: TABLE DATA; Schema: public; Owner: postgres
--

COPY public.medical_medicalrecord (id, date, condition, treatment, notes, file, doctor_id, patient_id) FROM stdin;
\.


--
-- Data for Name: notifications_notification; Type: TABLE DATA; Schema: public; Owner: postgres
--

COPY public.notifications_notification (id, message, date, receiver_id) FROM stdin;
\.


--
-- Data for Name: prescriptions_prescription; Type: TABLE DATA; Schema: public; Owner: postgres
--

COPY public.prescriptions_prescription (id, notes, issue_date, expiration_date, doctor_id, patient_id) FROM stdin;
c7c95ec1-021e-461d-b003-65b378021c7e	Prescription to keep you Healthy!	2025-04-22	2025-05-22	90fcde1b-290f-4cbd-bf4b-9679a79b1351	2f376751-0c63-49b8-bb2d-45073e97b65e
d6fb103f-52fb-40c2-beed-026c56d9ffb0	For High Blood Pressure	2025-03-23	2025-04-20	cca24938-ce79-4ca7-8912-20712b8caf80	2f376751-0c63-49b8-bb2d-45073e97b65e
e7fc857e-3d6d-4ae0-aff4-e783314a6219	Stay Healthy!	2025-04-23	2025-05-30	cca24938-ce79-4ca7-8912-20712b8caf80	2f376751-0c63-49b8-bb2d-45073e97b65e
\.


--
-- Data for Name: prescriptions_prescriptionmedication; Type: TABLE DATA; Schema: public; Owner: postgres
--

COPY public.prescriptions_prescriptionmedication (id, medication_name, dosage, prescription_id) FROM stdin;
4af0e2b6-b02f-49c4-95a0-4144d44694c8	MEDICATION1	50ml - 2 times a day	c7c95ec1-021e-461d-b003-65b378021c7e
8e6c9dec-752b-4bcf-b387-e64e61cbf6ce	MEDICATION2	50ml/day	c7c95ec1-021e-461d-b003-65b378021c7e
7b4d6aa0-640c-404b-a46b-2ed3b7142579	Medication	2g/day	d6fb103f-52fb-40c2-beed-026c56d9ffb0
f37b832b-c269-4d93-a1c8-b69fb19832e1	Axcornax	2g/day	e7fc857e-3d6d-4ae0-aff4-e783314a6219
\.


--
-- Data for Name: referrals_referral; Type: TABLE DATA; Schema: public; Owner: postgres
--

COPY public.referrals_referral (id, specialist_type, issue_date, expiration_date, patient_id, is_used) FROM stdin;
\.


--
-- Name: accounts_user_groups_id_seq; Type: SEQUENCE SET; Schema: public; Owner: postgres
--

SELECT pg_catalog.setval('public.accounts_user_groups_id_seq', 1, false);


--
-- Name: accounts_user_user_permissions_id_seq; Type: SEQUENCE SET; Schema: public; Owner: postgres
--

SELECT pg_catalog.setval('public.accounts_user_user_permissions_id_seq', 1, false);


--
-- Name: auth_group_id_seq; Type: SEQUENCE SET; Schema: public; Owner: postgres
--

SELECT pg_catalog.setval('public.auth_group_id_seq', 1, false);


--
-- Name: auth_group_permissions_id_seq; Type: SEQUENCE SET; Schema: public; Owner: postgres
--

SELECT pg_catalog.setval('public.auth_group_permissions_id_seq', 1, false);


--
-- Name: auth_permission_id_seq; Type: SEQUENCE SET; Schema: public; Owner: postgres
--

SELECT pg_catalog.setval('public.auth_permission_id_seq', 68, true);


--
-- Name: chat_chatroom_id_seq; Type: SEQUENCE SET; Schema: public; Owner: postgres
--

SELECT pg_catalog.setval('public.chat_chatroom_id_seq', 1, true);


--
-- Name: chat_chatroom_participants_id_seq; Type: SEQUENCE SET; Schema: public; Owner: postgres
--

SELECT pg_catalog.setval('public.chat_chatroom_participants_id_seq', 2, true);


--
-- Name: chat_message_id_seq; Type: SEQUENCE SET; Schema: public; Owner: postgres
--

SELECT pg_catalog.setval('public.chat_message_id_seq', 1, false);


--
-- Name: django_admin_log_id_seq; Type: SEQUENCE SET; Schema: public; Owner: postgres
--

SELECT pg_catalog.setval('public.django_admin_log_id_seq', 27, true);


--
-- Name: django_content_type_id_seq; Type: SEQUENCE SET; Schema: public; Owner: postgres
--

SELECT pg_catalog.setval('public.django_content_type_id_seq', 17, true);


--
-- Name: django_migrations_id_seq; Type: SEQUENCE SET; Schema: public; Owner: postgres
--

SELECT pg_catalog.setval('public.django_migrations_id_seq', 40, true);


--
-- Name: accounts_user accounts_user_email_key; Type: CONSTRAINT; Schema: public; Owner: postgres
--

ALTER TABLE ONLY public.accounts_user
    ADD CONSTRAINT accounts_user_email_key UNIQUE (email);


--
-- Name: accounts_user_groups accounts_user_groups_pkey; Type: CONSTRAINT; Schema: public; Owner: postgres
--

ALTER TABLE ONLY public.accounts_user_groups
    ADD CONSTRAINT accounts_user_groups_pkey PRIMARY KEY (id);


--
-- Name: accounts_user_groups accounts_user_groups_user_id_group_id_59c0b32f_uniq; Type: CONSTRAINT; Schema: public; Owner: postgres
--

ALTER TABLE ONLY public.accounts_user_groups
    ADD CONSTRAINT accounts_user_groups_user_id_group_id_59c0b32f_uniq UNIQUE (user_id, group_id);


--
-- Name: accounts_user accounts_user_personal_id_key; Type: CONSTRAINT; Schema: public; Owner: postgres
--

ALTER TABLE ONLY public.accounts_user
    ADD CONSTRAINT accounts_user_personal_id_key UNIQUE (personal_id);


--
-- Name: accounts_user accounts_user_phone_number_key; Type: CONSTRAINT; Schema: public; Owner: postgres
--

ALTER TABLE ONLY public.accounts_user
    ADD CONSTRAINT accounts_user_phone_number_key UNIQUE (phone_number);


--
-- Name: accounts_user accounts_user_pkey; Type: CONSTRAINT; Schema: public; Owner: postgres
--

ALTER TABLE ONLY public.accounts_user
    ADD CONSTRAINT accounts_user_pkey PRIMARY KEY (id);


--
-- Name: accounts_user_user_permissions accounts_user_user_permi_user_id_permission_id_2ab516c2_uniq; Type: CONSTRAINT; Schema: public; Owner: postgres
--

ALTER TABLE ONLY public.accounts_user_user_permissions
    ADD CONSTRAINT accounts_user_user_permi_user_id_permission_id_2ab516c2_uniq UNIQUE (user_id, permission_id);


--
-- Name: accounts_user_user_permissions accounts_user_user_permissions_pkey; Type: CONSTRAINT; Schema: public; Owner: postgres
--

ALTER TABLE ONLY public.accounts_user_user_permissions
    ADD CONSTRAINT accounts_user_user_permissions_pkey PRIMARY KEY (id);


--
-- Name: appointments_appointment appointments_appointment_pkey; Type: CONSTRAINT; Schema: public; Owner: postgres
--

ALTER TABLE ONLY public.appointments_appointment
    ADD CONSTRAINT appointments_appointment_pkey PRIMARY KEY (id);


--
-- Name: appointments_appointmentslot appointments_appointmentslot_pkey; Type: CONSTRAINT; Schema: public; Owner: postgres
--

ALTER TABLE ONLY public.appointments_appointmentslot
    ADD CONSTRAINT appointments_appointmentslot_pkey PRIMARY KEY (id);


--
-- Name: articles_article articles_article_pkey; Type: CONSTRAINT; Schema: public; Owner: postgres
--

ALTER TABLE ONLY public.articles_article
    ADD CONSTRAINT articles_article_pkey PRIMARY KEY (id);


--
-- Name: auth_group auth_group_name_key; Type: CONSTRAINT; Schema: public; Owner: postgres
--

ALTER TABLE ONLY public.auth_group
    ADD CONSTRAINT auth_group_name_key UNIQUE (name);


--
-- Name: auth_group_permissions auth_group_permissions_group_id_permission_id_0cd325b0_uniq; Type: CONSTRAINT; Schema: public; Owner: postgres
--

ALTER TABLE ONLY public.auth_group_permissions
    ADD CONSTRAINT auth_group_permissions_group_id_permission_id_0cd325b0_uniq UNIQUE (group_id, permission_id);


--
-- Name: auth_group_permissions auth_group_permissions_pkey; Type: CONSTRAINT; Schema: public; Owner: postgres
--

ALTER TABLE ONLY public.auth_group_permissions
    ADD CONSTRAINT auth_group_permissions_pkey PRIMARY KEY (id);


--
-- Name: auth_group auth_group_pkey; Type: CONSTRAINT; Schema: public; Owner: postgres
--

ALTER TABLE ONLY public.auth_group
    ADD CONSTRAINT auth_group_pkey PRIMARY KEY (id);


--
-- Name: auth_permission auth_permission_content_type_id_codename_01ab375a_uniq; Type: CONSTRAINT; Schema: public; Owner: postgres
--

ALTER TABLE ONLY public.auth_permission
    ADD CONSTRAINT auth_permission_content_type_id_codename_01ab375a_uniq UNIQUE (content_type_id, codename);


--
-- Name: auth_permission auth_permission_pkey; Type: CONSTRAINT; Schema: public; Owner: postgres
--

ALTER TABLE ONLY public.auth_permission
    ADD CONSTRAINT auth_permission_pkey PRIMARY KEY (id);


--
-- Name: chat_chatroom_participants chat_chatroom_participants_chatroom_id_user_id_a0328aed_uniq; Type: CONSTRAINT; Schema: public; Owner: postgres
--

ALTER TABLE ONLY public.chat_chatroom_participants
    ADD CONSTRAINT chat_chatroom_participants_chatroom_id_user_id_a0328aed_uniq UNIQUE (chatroom_id, user_id);


--
-- Name: chat_chatroom_participants chat_chatroom_participants_pkey; Type: CONSTRAINT; Schema: public; Owner: postgres
--

ALTER TABLE ONLY public.chat_chatroom_participants
    ADD CONSTRAINT chat_chatroom_participants_pkey PRIMARY KEY (id);


--
-- Name: chat_chatroom chat_chatroom_pkey; Type: CONSTRAINT; Schema: public; Owner: postgres
--

ALTER TABLE ONLY public.chat_chatroom
    ADD CONSTRAINT chat_chatroom_pkey PRIMARY KEY (id);


--
-- Name: chat_message chat_message_pkey; Type: CONSTRAINT; Schema: public; Owner: postgres
--

ALTER TABLE ONLY public.chat_message
    ADD CONSTRAINT chat_message_pkey PRIMARY KEY (id);


--
-- Name: django_admin_log django_admin_log_pkey; Type: CONSTRAINT; Schema: public; Owner: postgres
--

ALTER TABLE ONLY public.django_admin_log
    ADD CONSTRAINT django_admin_log_pkey PRIMARY KEY (id);


--
-- Name: django_content_type django_content_type_app_label_model_76bd3d3b_uniq; Type: CONSTRAINT; Schema: public; Owner: postgres
--

ALTER TABLE ONLY public.django_content_type
    ADD CONSTRAINT django_content_type_app_label_model_76bd3d3b_uniq UNIQUE (app_label, model);


--
-- Name: django_content_type django_content_type_pkey; Type: CONSTRAINT; Schema: public; Owner: postgres
--

ALTER TABLE ONLY public.django_content_type
    ADD CONSTRAINT django_content_type_pkey PRIMARY KEY (id);


--
-- Name: django_migrations django_migrations_pkey; Type: CONSTRAINT; Schema: public; Owner: postgres
--

ALTER TABLE ONLY public.django_migrations
    ADD CONSTRAINT django_migrations_pkey PRIMARY KEY (id);


--
-- Name: django_session django_session_pkey; Type: CONSTRAINT; Schema: public; Owner: postgres
--

ALTER TABLE ONLY public.django_session
    ADD CONSTRAINT django_session_pkey PRIMARY KEY (session_key);


--
-- Name: issues_issue issues_issue_pkey; Type: CONSTRAINT; Schema: public; Owner: postgres
--

ALTER TABLE ONLY public.issues_issue
    ADD CONSTRAINT issues_issue_pkey PRIMARY KEY (id);


--
-- Name: medical_medicalrecord medical_medicalrecord_pkey; Type: CONSTRAINT; Schema: public; Owner: postgres
--

ALTER TABLE ONLY public.medical_medicalrecord
    ADD CONSTRAINT medical_medicalrecord_pkey PRIMARY KEY (id);


--
-- Name: notifications_notification notifications_notification_pkey; Type: CONSTRAINT; Schema: public; Owner: postgres
--

ALTER TABLE ONLY public.notifications_notification
    ADD CONSTRAINT notifications_notification_pkey PRIMARY KEY (id);


--
-- Name: prescriptions_prescription prescriptions_prescription_pkey; Type: CONSTRAINT; Schema: public; Owner: postgres
--

ALTER TABLE ONLY public.prescriptions_prescription
    ADD CONSTRAINT prescriptions_prescription_pkey PRIMARY KEY (id);


--
-- Name: prescriptions_prescriptionmedication prescriptions_prescriptionmedication_pkey; Type: CONSTRAINT; Schema: public; Owner: postgres
--

ALTER TABLE ONLY public.prescriptions_prescriptionmedication
    ADD CONSTRAINT prescriptions_prescriptionmedication_pkey PRIMARY KEY (id);


--
-- Name: referrals_referral referrals_referral_pkey; Type: CONSTRAINT; Schema: public; Owner: postgres
--

ALTER TABLE ONLY public.referrals_referral
    ADD CONSTRAINT referrals_referral_pkey PRIMARY KEY (id);


--
-- Name: accounts_user_email_b2644a56_like; Type: INDEX; Schema: public; Owner: postgres
--

CREATE INDEX accounts_user_email_b2644a56_like ON public.accounts_user USING btree (email varchar_pattern_ops);


--
-- Name: accounts_user_groups_group_id_bd11a704; Type: INDEX; Schema: public; Owner: postgres
--

CREATE INDEX accounts_user_groups_group_id_bd11a704 ON public.accounts_user_groups USING btree (group_id);


--
-- Name: accounts_user_groups_user_id_52b62117; Type: INDEX; Schema: public; Owner: postgres
--

CREATE INDEX accounts_user_groups_user_id_52b62117 ON public.accounts_user_groups USING btree (user_id);


--
-- Name: accounts_user_personal_id_ca8d2dc3_like; Type: INDEX; Schema: public; Owner: postgres
--

CREATE INDEX accounts_user_personal_id_ca8d2dc3_like ON public.accounts_user USING btree (personal_id varchar_pattern_ops);


--
-- Name: accounts_user_phone_number_af3e1068_like; Type: INDEX; Schema: public; Owner: postgres
--

CREATE INDEX accounts_user_phone_number_af3e1068_like ON public.accounts_user USING btree (phone_number varchar_pattern_ops);


--
-- Name: accounts_user_user_permissions_permission_id_113bb443; Type: INDEX; Schema: public; Owner: postgres
--

CREATE INDEX accounts_user_user_permissions_permission_id_113bb443 ON public.accounts_user_user_permissions USING btree (permission_id);


--
-- Name: accounts_user_user_permissions_user_id_e4f0a161; Type: INDEX; Schema: public; Owner: postgres
--

CREATE INDEX accounts_user_user_permissions_user_id_e4f0a161 ON public.accounts_user_user_permissions USING btree (user_id);


--
-- Name: appointments_appointment_appointment_slot_id_32ef372c; Type: INDEX; Schema: public; Owner: postgres
--

CREATE INDEX appointments_appointment_appointment_slot_id_32ef372c ON public.appointments_appointment USING btree (appointment_slot_id);


--
-- Name: appointments_appointment_patient_id_631d13da; Type: INDEX; Schema: public; Owner: postgres
--

CREATE INDEX appointments_appointment_patient_id_631d13da ON public.appointments_appointment USING btree (patient_id);


--
-- Name: appointments_appointment_referral_id_17c17f39; Type: INDEX; Schema: public; Owner: postgres
--

CREATE INDEX appointments_appointment_referral_id_17c17f39 ON public.appointments_appointment USING btree (referral_id);


--
-- Name: appointments_appointmentslot_doctor_id_293a817e; Type: INDEX; Schema: public; Owner: postgres
--

CREATE INDEX appointments_appointmentslot_doctor_id_293a817e ON public.appointments_appointmentslot USING btree (doctor_id);


--
-- Name: articles_article_author_id_059aea7d; Type: INDEX; Schema: public; Owner: postgres
--

CREATE INDEX articles_article_author_id_059aea7d ON public.articles_article USING btree (author_id);


--
-- Name: auth_group_name_a6ea08ec_like; Type: INDEX; Schema: public; Owner: postgres
--

CREATE INDEX auth_group_name_a6ea08ec_like ON public.auth_group USING btree (name varchar_pattern_ops);


--
-- Name: auth_group_permissions_group_id_b120cbf9; Type: INDEX; Schema: public; Owner: postgres
--

CREATE INDEX auth_group_permissions_group_id_b120cbf9 ON public.auth_group_permissions USING btree (group_id);


--
-- Name: auth_group_permissions_permission_id_84c5c92e; Type: INDEX; Schema: public; Owner: postgres
--

CREATE INDEX auth_group_permissions_permission_id_84c5c92e ON public.auth_group_permissions USING btree (permission_id);


--
-- Name: auth_permission_content_type_id_2f476e4b; Type: INDEX; Schema: public; Owner: postgres
--

CREATE INDEX auth_permission_content_type_id_2f476e4b ON public.auth_permission USING btree (content_type_id);


--
-- Name: chat_chatroom_participants_chatroom_id_9c40ed95; Type: INDEX; Schema: public; Owner: postgres
--

CREATE INDEX chat_chatroom_participants_chatroom_id_9c40ed95 ON public.chat_chatroom_participants USING btree (chatroom_id);


--
-- Name: chat_chatroom_participants_user_id_9f2b6693; Type: INDEX; Schema: public; Owner: postgres
--

CREATE INDEX chat_chatroom_participants_user_id_9f2b6693 ON public.chat_chatroom_participants USING btree (user_id);


--
-- Name: chat_message_chatroom_id_15b7e6f3; Type: INDEX; Schema: public; Owner: postgres
--

CREATE INDEX chat_message_chatroom_id_15b7e6f3 ON public.chat_message USING btree (chatroom_id);


--
-- Name: chat_message_sender_id_991c686c; Type: INDEX; Schema: public; Owner: postgres
--

CREATE INDEX chat_message_sender_id_991c686c ON public.chat_message USING btree (sender_id);


--
-- Name: django_admin_log_content_type_id_c4bce8eb; Type: INDEX; Schema: public; Owner: postgres
--

CREATE INDEX django_admin_log_content_type_id_c4bce8eb ON public.django_admin_log USING btree (content_type_id);


--
-- Name: django_admin_log_user_id_c564eba6; Type: INDEX; Schema: public; Owner: postgres
--

CREATE INDEX django_admin_log_user_id_c564eba6 ON public.django_admin_log USING btree (user_id);


--
-- Name: django_session_expire_date_a5c62663; Type: INDEX; Schema: public; Owner: postgres
--

CREATE INDEX django_session_expire_date_a5c62663 ON public.django_session USING btree (expire_date);


--
-- Name: django_session_session_key_c0390e0f_like; Type: INDEX; Schema: public; Owner: postgres
--

CREATE INDEX django_session_session_key_c0390e0f_like ON public.django_session USING btree (session_key varchar_pattern_ops);


--
-- Name: issues_issue_user_id_2a53e44b; Type: INDEX; Schema: public; Owner: postgres
--

CREATE INDEX issues_issue_user_id_2a53e44b ON public.issues_issue USING btree (user_id);


--
-- Name: medical_medicalrecord_doctor_id_10635f16; Type: INDEX; Schema: public; Owner: postgres
--

CREATE INDEX medical_medicalrecord_doctor_id_10635f16 ON public.medical_medicalrecord USING btree (doctor_id);


--
-- Name: medical_medicalrecord_patient_id_4a83ccf1; Type: INDEX; Schema: public; Owner: postgres
--

CREATE INDEX medical_medicalrecord_patient_id_4a83ccf1 ON public.medical_medicalrecord USING btree (patient_id);


--
-- Name: notifications_notification_receiver_id_b88ec508; Type: INDEX; Schema: public; Owner: postgres
--

CREATE INDEX notifications_notification_receiver_id_b88ec508 ON public.notifications_notification USING btree (receiver_id);


--
-- Name: prescriptions_prescription_doctor_id_dc96730f; Type: INDEX; Schema: public; Owner: postgres
--

CREATE INDEX prescriptions_prescription_doctor_id_dc96730f ON public.prescriptions_prescription USING btree (doctor_id);


--
-- Name: prescriptions_prescription_patient_id_22183bec; Type: INDEX; Schema: public; Owner: postgres
--

CREATE INDEX prescriptions_prescription_patient_id_22183bec ON public.prescriptions_prescription USING btree (patient_id);


--
-- Name: prescriptions_prescriptionmedication_prescription_id_01dd41d4; Type: INDEX; Schema: public; Owner: postgres
--

CREATE INDEX prescriptions_prescriptionmedication_prescription_id_01dd41d4 ON public.prescriptions_prescriptionmedication USING btree (prescription_id);


--
-- Name: referrals_referral_patient_id_e1ef9d2b; Type: INDEX; Schema: public; Owner: postgres
--

CREATE INDEX referrals_referral_patient_id_e1ef9d2b ON public.referrals_referral USING btree (patient_id);


--
-- Name: accounts_user_groups accounts_user_groups_group_id_bd11a704_fk_auth_group_id; Type: FK CONSTRAINT; Schema: public; Owner: postgres
--

ALTER TABLE ONLY public.accounts_user_groups
    ADD CONSTRAINT accounts_user_groups_group_id_bd11a704_fk_auth_group_id FOREIGN KEY (group_id) REFERENCES public.auth_group(id) DEFERRABLE INITIALLY DEFERRED;


--
-- Name: accounts_user_groups accounts_user_groups_user_id_52b62117_fk_accounts_user_id; Type: FK CONSTRAINT; Schema: public; Owner: postgres
--

ALTER TABLE ONLY public.accounts_user_groups
    ADD CONSTRAINT accounts_user_groups_user_id_52b62117_fk_accounts_user_id FOREIGN KEY (user_id) REFERENCES public.accounts_user(id) DEFERRABLE INITIALLY DEFERRED;


--
-- Name: accounts_user_user_permissions accounts_user_user_p_permission_id_113bb443_fk_auth_perm; Type: FK CONSTRAINT; Schema: public; Owner: postgres
--

ALTER TABLE ONLY public.accounts_user_user_permissions
    ADD CONSTRAINT accounts_user_user_p_permission_id_113bb443_fk_auth_perm FOREIGN KEY (permission_id) REFERENCES public.auth_permission(id) DEFERRABLE INITIALLY DEFERRED;


--
-- Name: accounts_user_user_permissions accounts_user_user_p_user_id_e4f0a161_fk_accounts_; Type: FK CONSTRAINT; Schema: public; Owner: postgres
--

ALTER TABLE ONLY public.accounts_user_user_permissions
    ADD CONSTRAINT accounts_user_user_p_user_id_e4f0a161_fk_accounts_ FOREIGN KEY (user_id) REFERENCES public.accounts_user(id) DEFERRABLE INITIALLY DEFERRED;


--
-- Name: appointments_appointment appointments_appoint_appointment_slot_id_32ef372c_fk_appointme; Type: FK CONSTRAINT; Schema: public; Owner: postgres
--

ALTER TABLE ONLY public.appointments_appointment
    ADD CONSTRAINT appointments_appoint_appointment_slot_id_32ef372c_fk_appointme FOREIGN KEY (appointment_slot_id) REFERENCES public.appointments_appointmentslot(id) DEFERRABLE INITIALLY DEFERRED;


--
-- Name: appointments_appointmentslot appointments_appoint_doctor_id_293a817e_fk_accounts_; Type: FK CONSTRAINT; Schema: public; Owner: postgres
--

ALTER TABLE ONLY public.appointments_appointmentslot
    ADD CONSTRAINT appointments_appoint_doctor_id_293a817e_fk_accounts_ FOREIGN KEY (doctor_id) REFERENCES public.accounts_user(id) DEFERRABLE INITIALLY DEFERRED;


--
-- Name: appointments_appointment appointments_appoint_patient_id_631d13da_fk_accounts_; Type: FK CONSTRAINT; Schema: public; Owner: postgres
--

ALTER TABLE ONLY public.appointments_appointment
    ADD CONSTRAINT appointments_appoint_patient_id_631d13da_fk_accounts_ FOREIGN KEY (patient_id) REFERENCES public.accounts_user(id) DEFERRABLE INITIALLY DEFERRED;


--
-- Name: appointments_appointment appointments_appoint_referral_id_17c17f39_fk_referrals; Type: FK CONSTRAINT; Schema: public; Owner: postgres
--

ALTER TABLE ONLY public.appointments_appointment
    ADD CONSTRAINT appointments_appoint_referral_id_17c17f39_fk_referrals FOREIGN KEY (referral_id) REFERENCES public.referrals_referral(id) DEFERRABLE INITIALLY DEFERRED;


--
-- Name: articles_article articles_article_author_id_059aea7d_fk_accounts_user_id; Type: FK CONSTRAINT; Schema: public; Owner: postgres
--

ALTER TABLE ONLY public.articles_article
    ADD CONSTRAINT articles_article_author_id_059aea7d_fk_accounts_user_id FOREIGN KEY (author_id) REFERENCES public.accounts_user(id) DEFERRABLE INITIALLY DEFERRED;


--
-- Name: auth_group_permissions auth_group_permissio_permission_id_84c5c92e_fk_auth_perm; Type: FK CONSTRAINT; Schema: public; Owner: postgres
--

ALTER TABLE ONLY public.auth_group_permissions
    ADD CONSTRAINT auth_group_permissio_permission_id_84c5c92e_fk_auth_perm FOREIGN KEY (permission_id) REFERENCES public.auth_permission(id) DEFERRABLE INITIALLY DEFERRED;


--
-- Name: auth_group_permissions auth_group_permissions_group_id_b120cbf9_fk_auth_group_id; Type: FK CONSTRAINT; Schema: public; Owner: postgres
--

ALTER TABLE ONLY public.auth_group_permissions
    ADD CONSTRAINT auth_group_permissions_group_id_b120cbf9_fk_auth_group_id FOREIGN KEY (group_id) REFERENCES public.auth_group(id) DEFERRABLE INITIALLY DEFERRED;


--
-- Name: auth_permission auth_permission_content_type_id_2f476e4b_fk_django_co; Type: FK CONSTRAINT; Schema: public; Owner: postgres
--

ALTER TABLE ONLY public.auth_permission
    ADD CONSTRAINT auth_permission_content_type_id_2f476e4b_fk_django_co FOREIGN KEY (content_type_id) REFERENCES public.django_content_type(id) DEFERRABLE INITIALLY DEFERRED;


--
-- Name: chat_chatroom_participants chat_chatroom_partic_chatroom_id_9c40ed95_fk_chat_chat; Type: FK CONSTRAINT; Schema: public; Owner: postgres
--

ALTER TABLE ONLY public.chat_chatroom_participants
    ADD CONSTRAINT chat_chatroom_partic_chatroom_id_9c40ed95_fk_chat_chat FOREIGN KEY (chatroom_id) REFERENCES public.chat_chatroom(id) DEFERRABLE INITIALLY DEFERRED;


--
-- Name: chat_chatroom_participants chat_chatroom_participants_user_id_9f2b6693_fk_accounts_user_id; Type: FK CONSTRAINT; Schema: public; Owner: postgres
--

ALTER TABLE ONLY public.chat_chatroom_participants
    ADD CONSTRAINT chat_chatroom_participants_user_id_9f2b6693_fk_accounts_user_id FOREIGN KEY (user_id) REFERENCES public.accounts_user(id) DEFERRABLE INITIALLY DEFERRED;


--
-- Name: chat_message chat_message_chatroom_id_15b7e6f3_fk_chat_chatroom_id; Type: FK CONSTRAINT; Schema: public; Owner: postgres
--

ALTER TABLE ONLY public.chat_message
    ADD CONSTRAINT chat_message_chatroom_id_15b7e6f3_fk_chat_chatroom_id FOREIGN KEY (chatroom_id) REFERENCES public.chat_chatroom(id) DEFERRABLE INITIALLY DEFERRED;


--
-- Name: chat_message chat_message_sender_id_991c686c_fk_accounts_user_id; Type: FK CONSTRAINT; Schema: public; Owner: postgres
--

ALTER TABLE ONLY public.chat_message
    ADD CONSTRAINT chat_message_sender_id_991c686c_fk_accounts_user_id FOREIGN KEY (sender_id) REFERENCES public.accounts_user(id) DEFERRABLE INITIALLY DEFERRED;


--
-- Name: django_admin_log django_admin_log_content_type_id_c4bce8eb_fk_django_co; Type: FK CONSTRAINT; Schema: public; Owner: postgres
--

ALTER TABLE ONLY public.django_admin_log
    ADD CONSTRAINT django_admin_log_content_type_id_c4bce8eb_fk_django_co FOREIGN KEY (content_type_id) REFERENCES public.django_content_type(id) DEFERRABLE INITIALLY DEFERRED;


--
-- Name: django_admin_log django_admin_log_user_id_c564eba6_fk_accounts_user_id; Type: FK CONSTRAINT; Schema: public; Owner: postgres
--

ALTER TABLE ONLY public.django_admin_log
    ADD CONSTRAINT django_admin_log_user_id_c564eba6_fk_accounts_user_id FOREIGN KEY (user_id) REFERENCES public.accounts_user(id) DEFERRABLE INITIALLY DEFERRED;


--
-- Name: issues_issue issues_issue_user_id_2a53e44b_fk_accounts_user_id; Type: FK CONSTRAINT; Schema: public; Owner: postgres
--

ALTER TABLE ONLY public.issues_issue
    ADD CONSTRAINT issues_issue_user_id_2a53e44b_fk_accounts_user_id FOREIGN KEY (user_id) REFERENCES public.accounts_user(id) DEFERRABLE INITIALLY DEFERRED;


--
-- Name: medical_medicalrecord medical_medicalrecord_doctor_id_10635f16_fk_accounts_user_id; Type: FK CONSTRAINT; Schema: public; Owner: postgres
--

ALTER TABLE ONLY public.medical_medicalrecord
    ADD CONSTRAINT medical_medicalrecord_doctor_id_10635f16_fk_accounts_user_id FOREIGN KEY (doctor_id) REFERENCES public.accounts_user(id) DEFERRABLE INITIALLY DEFERRED;


--
-- Name: medical_medicalrecord medical_medicalrecord_patient_id_4a83ccf1_fk_accounts_user_id; Type: FK CONSTRAINT; Schema: public; Owner: postgres
--

ALTER TABLE ONLY public.medical_medicalrecord
    ADD CONSTRAINT medical_medicalrecord_patient_id_4a83ccf1_fk_accounts_user_id FOREIGN KEY (patient_id) REFERENCES public.accounts_user(id) DEFERRABLE INITIALLY DEFERRED;


--
-- Name: notifications_notification notifications_notifi_receiver_id_b88ec508_fk_accounts_; Type: FK CONSTRAINT; Schema: public; Owner: postgres
--

ALTER TABLE ONLY public.notifications_notification
    ADD CONSTRAINT notifications_notifi_receiver_id_b88ec508_fk_accounts_ FOREIGN KEY (receiver_id) REFERENCES public.accounts_user(id) DEFERRABLE INITIALLY DEFERRED;


--
-- Name: prescriptions_prescription prescriptions_prescr_doctor_id_dc96730f_fk_accounts_; Type: FK CONSTRAINT; Schema: public; Owner: postgres
--

ALTER TABLE ONLY public.prescriptions_prescription
    ADD CONSTRAINT prescriptions_prescr_doctor_id_dc96730f_fk_accounts_ FOREIGN KEY (doctor_id) REFERENCES public.accounts_user(id) DEFERRABLE INITIALLY DEFERRED;


--
-- Name: prescriptions_prescription prescriptions_prescr_patient_id_22183bec_fk_accounts_; Type: FK CONSTRAINT; Schema: public; Owner: postgres
--

ALTER TABLE ONLY public.prescriptions_prescription
    ADD CONSTRAINT prescriptions_prescr_patient_id_22183bec_fk_accounts_ FOREIGN KEY (patient_id) REFERENCES public.accounts_user(id) DEFERRABLE INITIALLY DEFERRED;


--
-- Name: prescriptions_prescriptionmedication prescriptions_prescr_prescription_id_01dd41d4_fk_prescript; Type: FK CONSTRAINT; Schema: public; Owner: postgres
--

ALTER TABLE ONLY public.prescriptions_prescriptionmedication
    ADD CONSTRAINT prescriptions_prescr_prescription_id_01dd41d4_fk_prescript FOREIGN KEY (prescription_id) REFERENCES public.prescriptions_prescription(id) DEFERRABLE INITIALLY DEFERRED;


--
-- Name: referrals_referral referrals_referral_patient_id_e1ef9d2b_fk_accounts_user_id; Type: FK CONSTRAINT; Schema: public; Owner: postgres
--

ALTER TABLE ONLY public.referrals_referral
    ADD CONSTRAINT referrals_referral_patient_id_e1ef9d2b_fk_accounts_user_id FOREIGN KEY (patient_id) REFERENCES public.accounts_user(id) DEFERRABLE INITIALLY DEFERRED;


--
-- PostgreSQL database dump complete
--

